date,open,high,low,close,volume
2025-07-09,208.8943192909964,210.6888614301138,206.59132988433592,210.4994354248047,48749400
2025-07-10,209.87133445003573,212.8323250717279,209.39279496736208,211.7655792236328,44443600
2025-07-11,209.9311570606941,211.4864217284832,209.2233044426644,210.5193634033203,39765800
2025-07-14,209.293099043616,210.27013683517245,206.910350525426,207.9870758056641,38840100
2025-07-15,208.5852528191871,211.24715053377864,208.28615994072268,208.4755859375,42296300
2025-07-16,209.6619745482938,211.75559423754484,208.0070071659605,209.5223999023437,47490500
2025-07-17,209.93117746335784,211.1574416148312,208.9541396463333,209.38284301757807,48068100
2025-07-18,210.23024956462243,211.1474566075158,209.06380098140497,210.539306640625,48974600
2025-07-21,211.4565208835752,215.1253489161305,210.9879455885212,211.8353576660156,51377400
2025-07-22,212.4933703299684,214.29787667610697,211.5861274580158,213.74954223632807,46404100
2025-07-23,214.3477172095632,214.4972560435483,211.76557859278188,213.5002899169922,46989300
2025-07-24,213.251055366678,215.03563331063384,212.8821827557749,213.11148071289065,46022600
2025-07-25,214.04862920984863,214.58699944946247,212.7525701732737,213.2311248779297,40268800
2025-07-28,213.3806606658472,214.19818019857897,212.41360229785764,213.40060424804688,37858000
2025-07-29,213.53018805628847,214.15828155569844,210.18039662608905,210.6290283203125,51411700
2025-07-30,211.2571158132724,211.74563469104567,207.0898047125579,208.415771484375,45512500
2025-07-31,207.85746883247032,209.2033639475293,206.5315020865265,206.9402618408203,80698400
2025-08-01,210.23023901853355,212.93202387361225,200.8886714237977,201.76600646972656,104434500
2025-08-04,203.8895472057539,207.24933356384108,201.06813110178,202.7330780029297,75109300
2025-08-05,202.7829065525681,204.7170232958933,201.5466782764192,202.3043670654297,44155100
2025-08-06,205.0061502968161,214.7265700698597,204.96626313259569,212.60302734375,108483100
2025-08-07,218.2159523061407,220.1799768073744,215.9229271551449,219.36245727539065,90224800
2025-08-08,220.16003429974123,230.29917810781973,218.58482597462967,228.65419006347656,113854000
2025-08-11,227.4864157407103,229.12329528601256,224.3324234952035,226.7478179931641,61806100
2025-08-12,227.57622481823225,230.36092560837628,226.63802588155733,229.21310424804688,55626200
2025-08-13,230.6304284784954,234.552944884794,229.99163136972763,232.88612365722656,69878500
2025-08-14,233.61473725595164,234.6727183450988,230.41085227691244,232.3371734619141,51916300
2025-08-15,233.5548328767578,233.834298979768,228.9036945156081,231.1494140625,56038700
2025-08-18,231.2592012143754,232.6764979196037,229.6722297518056,230.45074462890625,37476200
2025-08-19,230.8400151681398,232.42698672077373,228.9136940815642,230.1213836669922,39402600
2025-08-20,229.54248102593337,230.0315543310328,225.3404986724704,225.5800323486328,42263900
2025-08-21,225.8395414786139,226.0890658711696,223.3542730460458,224.47213745117188,30621200
2025-08-22,225.7397343895232,228.65417758009715,224.98118568943207,227.3267059326172,42477800
2025-08-25,226.0491451945495,228.86378779922748,225.79962078901823,226.7278594970703,30983100
2025-08-26,226.438403395408,229.0534295301293,224.2625578823749,228.873764038086,54575100
2025-08-27,228.17510050695543,230.4607373856072,227.82576024347395,230.0515289306641,31259500
2025-08-28,230.3809040856524,232.9659733126178,228.90370861616245,232.1175842285156,38074700
2025-08-29,232.0676707602769,232.9360260407387,230.92984008944924,231.6983795166016,39418400
2025-09-02,228.8138823959992,230.4108447009183,226.53822101083423,229.28298950195312,44075600
2025-09-03,236.75874463665696,238.395624134605,233.9141603097862,238.016342163086,66427800
2025-09-04,237.9963808412042,239.4436193831587,236.28964239378743,239.3238525390625,47549400
2025-09-05,239.5434165987409,240.8609127003189,238.0362947520209,239.2340087890625,54870400
2025-09-08,238.844756467826,239.69313028194867,235.89038089866293,237.42745971679688,48999500
2025-09-09,236.54912730927947,238.3257397896772,232.9160527142261,233.9041748046875,66313900
2025-09-10,231.7482872752143,231.9778454619465,225.5201526853384,226.35855102539065,83440800
2025-09-11,226.44839058875493,230.0115911363252,226.21881717306923,229.59239196777344,50208600
2025-09-12,228.78394562468256,234.0638755168574,228.5843291396984,233.62472534179688,55824200
2025-09-15,236.549127145038,237.7368657054393,234.58287368836287,236.24969482421875,42699500
2025-09-16,236.72878926810645,240.76111223381088,235.87043992435724,237.6969451904297,63421100
2025-09-17,238.5153883976145,239.6432435766681,237.27774187166392,238.5353546142578,46508000
2025-09-18,239.5134800259323,240.74113579799257,236.199788714976,237.42745971679688,44249600
2025-09-19,240.77107799962133,245.83144010441063,239.7530294205925,245.032958984375,163741300
2025-09-22,247.82763635806887,256.15178189089505,247.64797087115,255.5928192138672,105517400
2025-09-23,255.3932223520852,256.8504363399061,253.0975947938589,253.9459686279297,60275200
2025-09-24,254.73446948849343,255.2534845023776,250.5624136207024,251.8300018310547,42303700
2025-09-25,252.7282916183988,256.6807646844572,251.2311452680336,256.3813171386719,55202100
2025-09-26,253.61660096533103,257.10994249251326,253.2972024297037,254.97401428222656,46076300
2025-09-29,254.0757261912774,254.5148915782133,252.52867184357527,253.9459686279297,40127700
2025-09-30,254.3751575512532,255.4331385813304,252.6284867333586,254.1455993652344,37704300
2025-10-01,254.55481135315,258.29769267334166,254.44502000530687,254.9640350341797,48713900
2025-10-02,256.09186667190835,257.68882891050583,253.66649683440303,256.6408386230469,42630200
2025-10-03,254.18552630266564,258.7468246365968,253.46689477740225,257.5291442871094,49155600
2025-10-06,257.49920544747016,258.5771679771474,254.56481112131075,256.2016906738281,44664100
2025-10-07,256.3214394907812,256.91031341337026,254.94405994391948,255.99208068847656,31955800
2025-10-08,256.03198246417537,258.0281776413904,255.6227587977037,257.5690612792969,36496900
2025-10-09,257.3195337882977,257.50917476461467,252.6584199331141,253.55670166015625,38322000
2025-10-10,254.4550078501572,255.8922708493858,243.5358175290989,244.80340576171875,61999100
2025-10-13,248.9055871417832,249.2149949644775,245.09284695691,247.18885803222656,38142900
2025-10-14,246.1308726626428,248.37659224814223,244.2344780970313,247.29864501953125,35478000
2025-10-15,249.01537013681207,251.3409393203658,246.99920876557604,248.8656463623047,33893600
2025-10-16,247.7777291727393,248.56621957555785,244.66366953460536,246.979248046875,39777000
2025-10-17,247.5481624372989,252.89796599708643,246.79958926324147,251.81002807617188,49147000
2025-10-20,255.4032084113237,263.87706298772724,255.143708503654,261.7411193847656,90483000
2025-10-21,261.38182000576944,264.7853366806196,261.3318968470685,262.2701110839844,46695900
2025-10-22,262.15033525743416,262.349966966352,254.94406918261987,257.9583435058594,45015300
2025-10-23,259.4454820834593,260.12418111371363,257.51916110368444,259.0861511230469,32754900
2025-10-24,260.69310343226954,263.6275126875418,258.68691759501684,262.32000732421875,38253700
2025-10-27,264.37609822840903,268.60802232244004,264.1465248140549,268.2986145019531,44888200
2025-10-28,268.4782600095115,269.3765722048576,267.63986169210665,268.4882507324219,41534800
2025-10-29,268.76770579477784,270.8936584399069,266.6018207191691,269.1869201660156,51086700
2025-10-30,271.4725408872279,273.6184749716116,267.969239224885,270.8836669921875,69886500
2025-10-31,276.4630533049319,276.79244258078194,268.647962249571,269.85565185546875,86167100
2025-11-03,269.90556627002525,270.33474092754267,265.74348587775046,268.53814697265625,50194600
2025-11-04,267.8195068636227,270.9734988318123,267.11086611942017,269.5262756347656,49274800
2025-11-05,268.0989800730272,271.18312844251227,266.4221834255846,269.6260986328125,43683100
2025-11-06,267.38037702601645,272.8798740142925,267.38037702601645,269.2567749023437,51204000
2025-11-07,269.28671541495146,271.7719991063764,266.26248096015127,267.9592590332031,48227400
2025-11-10,268.7085692371889,273.4741297822401,267.2099714283653,269.1781311035156,41312400
2025-11-11,269.55775905965567,275.65206242273547,269.5477586519058,274.99267578125,46208300
2025-11-12,274.74292397164845,275.4722525277038,271.4460210796085,273.21435546875,48398000
2025-11-13,273.85374352181776,276.4413491841305,271.83564282199285,272.6948547363281,49602800
2025-11-14,270.7965900477885,275.702003472256,269.3479639093673,272.15533447265625,47431300
2025-11-17,268.5687054184609,270.2371271729127,265.48159771217263,267.2099609375,45018300
2025-11-18,269.7376065335732,270.4569347049811,265.0719890725528,267.19000244140625,45677300
2025-11-19,265.2817633125939,271.9555110777923,265.2517925781922,268.3089294433594,40424500
2025-11-20,270.5768036466949,275.17250947675234,265.67142054546326,266.0010986328125,45823600
2025-11-21,265.70137680880595,273.0744516711978,265.4216397990326,271.2361755371094,59030800
2025-11-24,270.64675212306133,276.7410558404627,270.64675212306133,275.6620788574219,65585800
2025-11-25,275.012667049666,280.1179060838009,274.9926967216935,276.7110900878906,46914200
2025-11-26,276.70108254872224,279.26868736786383,276.3714044558947,277.29052734375,33431400
2025-11-28,277.0008150112318,278.73917862681736,275.73198274965245,278.5893249511719,20135600
2025-12-01,277.75011957449965,283.1550658399818,275.88187257202503,282.8353576660156,46587700
2025-12-02,282.7354345985028,287.1313151163589,282.36578537497866,285.9224548339844,53669500
2025-12-03,285.9324708384744,288.35019153510143,283.0351573834178,283.8843688964844,43538700
2025-12-04,283.83440686502166,284.46382276925783,278.32954829392816,280.4375915527344,43989100
2025-12-05,280.27774306596746,280.8771882481053,277.79005013345267,278.5193786621094,47265800
2025-12-08,277.8699843761556,279.4085531850005,275.8918244790692,277.6302185058594,38211800
2025-12-09,277.8999627322321,279.7682096639769,276.6611317163261,276.9208679199219,32193300
2025-12-10,277.490342786908,279.48847306800184,276.1815698919154,278.5193786621094,33038300
2025-12-11,278.83908758708685,279.3286197507982,273.5540244422053,277.77008056640625,33248000
2025-12-12,277.64021728323,278.9589906850317,276.5612402656973,278.0198669433594,39532900
2025-12-15,279.8880911943856,279.8880911943856,272.5849275039148,273.8537292480469,50409100
2025-12-16,272.5649667835892,275.2424541197232,271.53593087885605,274.353271484375,37648600
2025-12-17,274.75292651919426,275.90184538512057,271.38608172110213,271.5858764648437,50138700
2025-12-18,273.35420232069225,273.374203136776,266.7004552212896,271.935546875,51630700
2025-12-19,271.8955859651445,274.34330788170604,269.64768928264715,273.4141845703125,144632000
2025-12-22,272.6048920133635,273.62395794129594,270.25711338978425,270.7166748046875,36571800
2025-12-23,270.5868091030317,272.2452609569047,269.30800689497966,272.1053771972656,29642000
2025-12-24,272.085389177814,275.17249671786806,271.9455359163183,273.55401611328125,17910600
2025-12-26,273.9037084592662,275.1125687682936,272.6049054553,273.1444091796875,21521800
2025-12-29,272.4350823114352,274.10350406329195,272.0954038139857,273.50408935546875,23715200
2025-12-30,272.5549704076282,273.82377221524894,272.0254670796708,272.82470703125,22139600
2025-12-31,272.80472532736104,273.42414083736213,271.4959524300237,271.6058349609375,27293600
2026-01-02,272.0054842546519,277.5802543100492,268.7485221479618,270.75665283203125,37838100
2026-01-05,270.38700744645297,271.25618925068443,265.89121426121545,267.0101623535156,45647200
2026-01-06,266.7503924619391,267.2998660934885,261.8749496989937,262.1147155761719,52352100
2026-01-07,262.95395138764474,263.4334831315393,259.5671060011504,260.08660888671875,48309800
2026-01-08,256.7797203952787,259.0476178563403,255.4609622909548,258.7978515625,50419300
2026-01-09,258.8377955175017,259.9667440583015,255.98048371428257,259.1275329589844,39997000
2026-01-12,258.9177364764393,261.05572011368304,256.5599267903311,260.0067138671875,45263800
2026-01-13,258.4781303943212,261.56523797230057,258.148452318208,260.8059387207031,45730800
2026-01-14,259.247418118488,261.57525710051715,256.4700180914029,259.71697998046875,40019400
2026-01-15,260.40631875644857,260.7959687899761,256.8096782083212,257.9685974121094,39388600
2026-01-16,257.6589020182799,258.6579671912775,254.6916772349149,255.29112243652344,72142800
2026-01-20,252.49373739571587,254.55180921698133,243.1924430560896,246.4693756103516,80267500
2026-01-21,248.4675090444481,251.3248360900433,244.9507953165175,247.41848754882807,54641700
2026-01-22,248.9670398844788,250.76536025794263,247.9180183962477,248.1178436279297,39708300
2026-01-23,247.0888078223564,249.176850391454,244.4512611104124,247.80812072753903,41689000
2026-01-26,251.24490015634893,256.32015295784896,249.5664780183616,255.1712341308593,55969200
2026-01-27,258.92771692213245,261.7051166970889,257.96859246831417,258.0285339355469,49648300
2026-01-28,257.409147241713,258.61800761819165,254.2720830679268,256.2002868652344,41288000
2026-01-29,257.75880668092503,259.4072580677027,254.17216647920577,258.0385437011719,67253000
2026-01-30,254.9314433110553,261.6551472598355,251.94423313215475,259.2374267578125,92443400
2026-02-02,259.7869174093499,270.2371306501278,258.9676766447768,269.7575988769531,73913400
2026-02-03,268.9483513556569,271.6258386480508,267.3598109321867,269.22808837890625,64394700
2026-02-04,272.03545112075,278.68922850453845,272.03545112075,276.23150634765625,90545700
2026-02-05,277.86999494352693,279.2387093202658,272.97458180817284,275.6520690917969,52977400
2026-02-06,276.8609202349588,280.6473855638201,276.6710954236804,277.8599853515625,50453400
2026-02-09,277.9100036621094,278.20001220703125,271.70001220703125,274.6199951171875,44623400
2026-02-10,274.8900146484375,275.3699951171875,272.94000244140625,273.67999267578125,34376900
2026-02-11,274.70001220703125,280.17999267578125,274.45001220703125,275.5,51931300
2026-02-12,275.5899963378906,275.7200012207031,260.17999267578125,261.7300109863281,81077200
2026-02-13,262.010009765625,262.2300109863281,255.4499969482422,255.77999877929688,56290700
2026-02-17,258.04998779296875,266.2900085449219,255.5399932861328,263.8800048828125,58469100
2026-02-18,263.6000061035156,266.82000732421875,262.45001220703125,264.3500061035156,34203300
2026-02-19,262.6000061035156,264.4800109863281,260.04998779296875,260.5799865722656,30845300
2026-02-20,258.9700012207031,264.75,258.1600036621094,264.5799865722656,42070500
2026-02-23,263.489990234375,269.42999267578125,263.3800048828125,266.17999267578125,37308200
2026-02-24,267.8599853515625,274.8900146484375,267.7099914550781,272.1400146484375,47014600
2026-02-25,271.7799987792969,274.94000244140625,271.04998779296875,274.2300109863281,33714300
2026-02-26,274.95001220703125,276.1099853515625,270.79998779296875,272.95001220703125,32345100
2026-02-27,272.8099975585937,272.8099975585937,262.8900146484375,264.17999267578125,72366500
2026-03-02,262.4100036621094,266.5299987792969,260.20001220703125,264.7200012207031,41827900
2026-03-03,263.4800109863281,265.5599975585937,260.1300048828125,263.75,38568900
2026-03-04,264.6499938964844,266.1499938964844,261.4200134277344,262.5199890136719,39803100
2026-03-05,260.7900085449219,261.5599975585937,257.25,260.2900085449219,49658600
2026-03-06,258.6300048828125,258.7699890136719,254.3699951171875,257.4599914550781,41120000
2026-03-09,255.69000244140625,261.1499938964844,253.67999267578125,259.8800048828125,38218500
2026-03-10,257.6499938964844,262.4800109863281,256.95001220703125,260.8299865722656,30590800
2026-03-11,261.0899963378906,262.1300048828125,259.54998779296875,260.8099975585937,26218900
2026-03-12,258.6600036621094,258.95001220703125,254.17999267578125,255.759994506836,40794000
2026-03-13,255.47999572753903,256.3299865722656,249.5200042724609,250.1199951171875,36930000
2026-03-16,252.1100006103516,253.88999938964844,249.8800048828125,252.82000732421875,32074200
2026-03-17,252.9600067138672,255.1300048828125,252.17999267578125,254.22999572753903,32361600
2026-03-18,252.6300048828125,254.94000244140625,249.0,249.94000244140625,35757900
2026-03-19,249.3999938964844,251.8300018310547,247.3000030517578,248.9600067138672,34864100
2026-03-20,247.97999572753903,249.1999969482422,246.0,247.9900054931641,88331100
2026-03-23,253.97000122070312,254.6000061035156,250.27999877929688,251.4900054931641,40546100
2026-03-24,250.3500061035156,254.8300018310547,249.5500030517578,251.63999938964844,45152300
2026-03-25,254.1000061035156,255.0,251.6000061035156,252.6199951171875,28476700
2026-03-26,252.1199951171875,257.0,250.7700042724609,252.88999938964844,41796700
2026-03-27,253.8999938964844,255.4900054931641,248.07000732421875,248.8000030517578,47900000
2026-03-30,250.07000732421875,250.8699951171875,245.509994506836,246.6300048828125,39446200
2026-03-31,247.9100036621093,255.47999572753903,247.1000061035156,253.7899932861328,49598100
2026-04-01,254.0800018310547,256.17999267578125,253.3300018310547,255.6300048828125,40059400
2026-04-02,254.1999969482422,256.1300048828125,250.6499938964844,255.9199981689453,31289400
2026-04-06,256.510009765625,262.1600036621094,256.4599914550781,258.8599853515625,29329900
2026-04-07,256.1600036621094,256.20001220703125,245.6999969482422,253.5,62148000
2026-04-08,258.45001220703125,259.75,256.5299987792969,258.8999938964844,41032800
2026-04-09,259.0,261.1199951171875,256.07000732421875,260.489990234375,28121600
2026-04-10,259.9800109863281,262.19000244140625,259.0199890136719,260.4800109863281,31291500
2026-04-13,259.7300109863281,260.17999267578125,256.6600036621094,259.20001220703125,36234700
2026-04-14,259.25,261.92999267578125,257.19000244140625,258.8299865722656,48370700
2026-04-15,258.1600036621094,266.5599975585937,257.8099975585937,266.42999267578125,49913500
2026-04-16,266.79998779296875,267.1600036621094,261.2699890136719,263.3999938964844,43323100
2026-04-17,266.9599914550781,272.29998779296875,266.7200012207031,270.2300109863281,61436200
2026-04-20,270.3299865722656,274.2799987792969,270.2900085449219,273.04998779296875,36590200
2026-04-21,271.5,272.79998779296875,265.3999938964844,266.1700134277344,50209800
2026-04-22,267.82000732421875,273.739990234375,266.8699951171875,273.1700134277344,43249200
2026-04-23,275.04998779296875,275.7699890136719,271.6499938964844,273.42999267578125,33399600
2026-04-24,272.760009765625,273.0599975585937,269.6499938964844,271.0599975585937,38157100
2026-04-27,266.0899963378906,268.3599853515625,265.07000732421875,267.6099853515625,41466800
2026-04-28,272.3399963378906,273.2300109863281,268.6600036621094,270.7099914550781,40018900
2026-04-29,267.54998779296875,271.0400085449219,267.0400085449219,270.1700134277344,30047900
2026-04-30,270.5,276.0,268.1400146484375,271.3500061035156,91848200
2026-05-01,278.8599853515625,287.2200012207031,278.3699951171875,280.1400146484375,79915400
2026-05-04,279.6600036621094,280.6300048828125,274.8599853515625,276.8299865722656,46668400
2026-05-05,276.92999267578125,284.57000732421875,276.5,284.17999267578125,49311700
2026-05-06,281.9200134277344,288.0299987792969,281.07000732421875,287.510009765625,58259700
2026-05-07,289.00371711581823,291.8611003514943,285.5169394038565,287.1754150390625,45224300
2026-05-08,289.7430674686918,294.4886952888782,289.7330669166447,293.0500183105469,52692800
2026-05-11,291.9800109863281,293.8800048828125,290.2300109863281,292.67999267578125,42247300
2026-05-12,292.5599975585937,295.2699890136719,292.5599975585937,294.79998779296875,45748100
2026-05-13,293.5,300.9200134277344,293.5,298.8699951171875,52684300
2026-05-14,299.82000732421875,300.45001220703125,295.3800048828125,298.2099914550781,35324900
2026-05-15,297.8999938964844,303.20001220703125,296.5199890136719,300.2300109863281,54862800
2026-05-18,300.239990234375,300.6600036621094,294.9100036621094,297.8399963378906,34483000
2026-05-19,296.9700012207031,300.510009765625,296.3500061035156,298.9700012207031,42243600
2026-05-20,298.17999267578125,302.79998779296875,298.0799865722656,302.25,38229800
2026-05-21,301.0599975585937,305.5400085449219,300.3999938964844,304.989990234375,42965100
2026-05-22,306.1199951171875,311.3999938964844,305.8399963378906,308.82000732421875,43670200
2026-05-26,309.5599975585937,311.82000732421875,307.6700134277344,308.3299865722656,48000500
2026-05-27,308.3299865722656,313.260009765625,308.29998779296875,310.8500061035156,50430900
2026-05-28,310.67999267578125,312.79998779296875,309.57000732421875,312.510009765625,48220400
2026-05-29,311.7799987792969,315.0,309.5299987792969,312.0599975585937,70026800
2026-06-01,309.6300048828125,310.94000244140625,305.0199890136719,306.3099975585937,48849900
2026-06-02,307.4599914550781,315.45001220703125,306.69000244140625,315.20001220703125,44534700
2026-06-03,314.17999267578125,316.94000244140625,308.8500061035156,310.260009765625,50836700
2026-06-04,313.2300109863281,313.5400085449219,309.6499938964844,311.2300109863281,44869100
2026-06-05,312.8599853515625,315.1700134277344,307.1499938964844,307.3399963378906,65310500
2026-06-08,308.739990234375,317.3999938964844,301.1700134277344,301.5400085449219,77949100
2026-06-09,300.2799987792969,300.75,287.7799987792969,290.54998779296875,70108800
2026-06-10,290.739990234375,294.75,287.3800048828125,291.5799865722656,52793300
2026-06-11,293.7200012207031,297.0,289.5899963378906,295.6300048828125,42572500
2026-06-12,296.0299987792969,297.1400146484375,289.6199951171875,291.1300048828125,38742100
2026-06-15,294.1199951171875,297.7799987792969,291.70001220703125,296.4200134277344,45732600
2026-06-16,295.25,300.4800109863281,293.9700012207031,299.239990234375,39874400
2026-06-17,300.8500061035156,302.07000732421875,294.3599853515625,295.95001220703125,42685500
2026-06-18,298.1099853515625,300.57000732421875,295.6199951171875,298.010009765625,85962200
2026-06-22,297.3099975585937,302.4200134277344,296.760009765625,297.010009765625,44812800
2026-06-23,297.5400085449219,301.6400146484375,294.17999267578125,294.29998779296875,52010900
2026-06-24,295.3599853515625,299.70001220703125,292.94000244140625,293.0799865722656,53081900
2026-06-25,287.3999938964844,288.79998779296875,273.75,275.1499938964844,107253700
2026-06-26,275.0,285.95001220703125,274.2099914550781,283.7799987792969,261693600
2026-06-29,286.7300109863281,288.3699951171875,279.8500061035156,281.739990234375,66427000
2026-06-30,281.1700134277344,289.94000244140625,280.70001220703125,289.3599853515625,65043800
2026-07-01,293.44000244140625,296.5899963378906,289.20001220703125,294.3800048828125,50164200
2026-07-02,294.1199951171875,309.4200134277344,293.67999267578125,308.6300048828125,75352800
2026-07-06,307.3599853515625,314.20001220703125,307.0,312.6600036621094,53546100
2026-07-07,315.2900085449219,315.4800109863281,310.1499938964844,310.6600036621094,42490000
2026-07-08,311.9100036621094,314.82000732421875,307.04998779296875,313.3900146484375,41323500
2026-07-09,310.510009765625,316.5299987792969,308.1600036621094,316.2200012207031,48124500
2026-07-10,314.7200012207031,316.9100036621094,312.1700134277344,315.32000732421875,34109200
